x, y, t
7.547667303244606218e-01,1.137662963576208108e-01,0.000000000000000000e+00
6.944542720498635413e-01,2.629810308638674821e-01,1.000000000000000000e+00
3.513982273893659913e-01,8.428369122741041775e-01,0.000000000000000000e+00
1.278975468092035106e-01,5.872973235090944710e-01,0.000000000000000000e+00
9.217997297578230942e-01,1.343322535641313653e-01,0.000000000000000000e+00
4.134325419747799657e-01,9.763643609321792649e-02,0.000000000000000000e+00
1.783327056947880962e-02,2.947232539555152409e-01,0.000000000000000000e+00
9.630015462762384626e-01,5.442302112504560085e-02,0.000000000000000000e+00
4.995804964632448719e-01,1.003879211349915090e-01,0.000000000000000000e+00
6.008395364598019261e-01,1.039973174086031849e-01,0.000000000000000000e+00
7.545777782378559895e-02,9.320688463291340042e-01,0.000000000000000000e+00
1.407957388245012487e-01,4.914025064602969284e-01,0.000000000000000000e+00
3.808614193489614497e-01,8.677623323949071876e-01,0.000000000000000000e+00
4.760066443687877014e-01,5.942028607482188196e-01,1.000000000000000000e+00
8.141163159970412622e-01,7.171738867330746947e-01,0.000000000000000000e+00
9.146695558385933289e-01,2.882917250393747244e-01,0.000000000000000000e+00
4.667743559082651039e-01,7.493921154314910904e-01,1.000000000000000000e+00
9.449085506819090430e-01,6.828905842399417558e-01,0.000000000000000000e+00
3.351173617295014617e-01,6.551361966654773994e-01,1.000000000000000000e+00
2.041594001736946051e-01,4.208528831553945970e-01,1.000000000000000000e+00
9.063827820526704215e-01,5.812681560183127205e-01,0.000000000000000000e+00
8.657310386973068317e-01,8.545661730357622110e-01,0.000000000000000000e+00
6.184494803416649145e-01,5.557006317312950250e-01,1.000000000000000000e+00
9.317239809292063857e-01,7.098392405736808630e-02,0.000000000000000000e+00
2.286420570998113355e-01,8.113641336710784024e-01,0.000000000000000000e+00
6.951601666880067310e-01,1.264738230740430902e-01,0.000000000000000000e+00
5.912170383442347799e-01,7.977622771372484545e-01,1.000000000000000000e+00
1.786425329447680621e-01,9.278955993582094219e-02,0.000000000000000000e+00
9.535708503552642323e-02,6.658059306288462986e-01,0.000000000000000000e+00
9.260447147779702348e-01,4.902295945630410490e-01,0.000000000000000000e+00
2.924020057427235697e-01,1.255098245143396740e-01,0.000000000000000000e+00
1.380606543291513777e-01,8.600877107219730977e-01,0.000000000000000000e+00
5.556031000622768667e-01,6.009229802253059916e-01,1.000000000000000000e+00
8.367185957507382588e-01,8.780567085885315759e-02,0.000000000000000000e+00
4.342437838346128176e-01,9.930415416182513111e-01,0.000000000000000000e+00
9.551590144727128973e-02,9.944924961666954388e-01,0.000000000000000000e+00
1.798513402389889659e-02,6.039347269731342172e-01,0.000000000000000000e+00
9.380882843053539588e-01,8.305431554675919426e-01,0.000000000000000000e+00
2.689191699507775812e-02,8.915321811252008288e-02,0.000000000000000000e+00
7.160855592429309358e-01,4.356744844468213307e-01,1.000000000000000000e+00
9.777641069441966870e-02,9.975817260303511125e-01,0.000000000000000000e+00
5.442582700011814323e-01,5.758038158158740316e-01,1.000000000000000000e+00
6.696631681022275906e-01,2.591700527166088674e-01,1.000000000000000000e+00
6.315993690025498708e-01,7.263654228924432132e-01,1.000000000000000000e+00
6.170662443041000644e-01,7.797812017823537722e-01,1.000000000000000000e+00
4.806703454024854327e-01,7.469923601557360016e-02,0.000000000000000000e+00
7.896949440587560654e-01,6.592131619470675830e-01,0.000000000000000000e+00
6.652440949784192981e-01,4.290249183283165735e-01,1.000000000000000000e+00
3.600755196356952847e-01,4.077071232925872923e-01,1.000000000000000000e+00
9.644697515067262028e-01,4.429070274221849068e-01,0.000000000000000000e+00
1.590593995860594134e-01,5.787924251222906769e-01,0.000000000000000000e+00
5.566665601175124767e-02,5.539230796667682366e-01,0.000000000000000000e+00
7.646411188570485518e-01,7.178432119502691222e-01,0.000000000000000000e+00
4.917035232712463344e-02,1.470912345063107862e-01,0.000000000000000000e+00
7.818421499762510107e-01,1.541357078160650040e-01,0.000000000000000000e+00
8.289095796999643717e-01,6.700819902795482896e-01,0.000000000000000000e+00
7.613123156586691920e-01,6.693553875123812169e-01,1.000000000000000000e+00
9.824414462367345724e-01,4.022560669837592640e-01,0.000000000000000000e+00
6.545781543668695024e-01,4.801128657920572529e-01,1.000000000000000000e+00
4.939528606582136439e-01,4.644536520149727954e-01,1.000000000000000000e+00
6.098029409414583712e-01,3.512788655924533598e-01,1.000000000000000000e+00
6.836018694711714083e-01,6.942544997801219919e-01,1.000000000000000000e+00
5.747915191245542843e-01,6.454676808317063585e-01,1.000000000000000000e+00
4.954630912111640528e-01,1.766158299237017282e-01,0.000000000000000000e+00
1.319161194891894651e-01,9.853524558933396404e-01,0.000000000000000000e+00
8.608754297744088957e-01,6.997779936258796685e-02,0.000000000000000000e+00
6.015277491677770705e-01,5.601986101585830768e-01,1.000000000000000000e+00
8.408719621425945201e-01,2.141294785162088932e-01,0.000000000000000000e+00
3.810021057286315793e-01,8.580887358275867127e-01,0.000000000000000000e+00
6.971095271189947651e-01,3.485675158585179734e-01,1.000000000000000000e+00
1.091840032602855448e-01,5.656176237776191495e-01,0.000000000000000000e+00
3.854329610757107893e-01,1.849035343852992730e-01,0.000000000000000000e+00
1.591955115585029779e-01,1.294170752542928016e-01,0.000000000000000000e+00
9.653620796550319572e-01,1.904900096663870723e-01,0.000000000000000000e+00
4.641915110725869376e-02,9.201442710110027123e-01,0.000000000000000000e+00
5.782325920662154672e-01,4.408251340017496078e-01,1.000000000000000000e+00
7.506485256246017146e-01,3.711316025391458995e-01,1.000000000000000000e+00
3.811507669012170751e-01,4.880124520098427787e-01,1.000000000000000000e+00
7.434627469460723947e-01,8.326285455230750809e-01,0.000000000000000000e+00
4.360772615946743036e-01,5.346145771971528848e-01,1.000000000000000000e+00
7.062225271675816041e-01,3.316130762085963690e-01,1.000000000000000000e+00
2.984232544111928842e-01,1.958180185705419296e-01,0.000000000000000000e+00
6.897212403979502415e-02,4.959635660429126958e-01,0.000000000000000000e+00
4.308474530982853157e-02,1.842062826725375801e-01,0.000000000000000000e+00
6.704082986357932095e-01,4.831363327597300028e-01,1.000000000000000000e+00
9.909940446309891682e-01,6.147678314836821922e-01,0.000000000000000000e+00
2.348767243327732901e-01,7.826175204004109931e-01,0.000000000000000000e+00
4.192706316859687865e-01,8.175781593711859419e-01,0.000000000000000000e+00
5.889771625072711680e-01,7.275710645933984866e-01,1.000000000000000000e+00
1.475254857302046307e-01,2.354764585413171574e-01,0.000000000000000000e+00
7.117057331464214931e-01,7.891121443871315089e-01,0.000000000000000000e+00
3.997957086299298579e-01,7.442286150479201501e-01,1.000000000000000000e+00
9.695002349089789639e-01,2.197338739717802358e-02,0.000000000000000000e+00
8.032124375089176871e-01,5.230788612914594182e-03,0.000000000000000000e+00
6.327618384598375778e-01,7.371208588312754273e-01,1.000000000000000000e+00
3.124053288737190792e-01,6.285726901826198532e-01,1.000000000000000000e+00
8.859066306934713086e-01,4.603717104762887757e-01,0.000000000000000000e+00
8.266018555073367802e-01,7.195306290069114485e-02,0.000000000000000000e+00
4.688297669456042982e-02,1.286854327194066894e-01,0.000000000000000000e+00
2.687123644800376576e-01,8.719166679143215415e-01,0.000000000000000000e+00
4.721862846151646531e-01,2.260624567576532407e-01,1.000000000000000000e+00
6.991540349798872622e-01,7.869261261775947203e-01,0.000000000000000000e+00
2.893985912791228188e-01,1.380679077764076501e-01,0.000000000000000000e+00
1.135749667681469344e-01,9.262132145102341951e-02,0.000000000000000000e+00
9.033596034324735680e-01,4.489002195934368444e-01,0.000000000000000000e+00
4.587815485525419401e-01,2.705747708614497649e-01,1.000000000000000000e+00
2.306685602648050892e-02,1.806374591643067351e-02,0.000000000000000000e+00
1.766582987457254728e-01,6.277470691110463852e-01,0.000000000000000000e+00
6.487583544992731044e-01,5.656249513602968904e-01,1.000000000000000000e+00
7.233255325913179323e-02,4.524175549990696599e-01,0.000000000000000000e+00
3.347628181917784440e-01,2.461835745548011101e-01,1.000000000000000000e+00
8.585794870686780378e-03,4.663274672607726767e-01,0.000000000000000000e+00
7.132524519036300692e-01,8.243317273118679900e-01,0.000000000000000000e+00
4.095563850962128383e-01,7.199506097806456228e-01,1.000000000000000000e+00
8.744046583667745010e-01,2.282340682174642810e-01,0.000000000000000000e+00
3.283083064188612177e-01,7.391368865671189559e-01,1.000000000000000000e+00
8.784617356254403875e-01,2.456583292573472077e-01,0.000000000000000000e+00
6.765763409498419811e-01,7.642998097530423474e-01,0.000000000000000000e+00
5.248491349322087496e-01,6.843902212652497319e-01,1.000000000000000000e+00
2.403125669074314130e-01,2.621156816511940324e-01,0.000000000000000000e+00
8.314191257893666087e-02,2.011550029169006937e-01,0.000000000000000000e+00
3.238834707441906602e-05,2.788349979225670516e-01,0.000000000000000000e+00
7.375872661152199639e-01,6.575393315650460702e-01,1.000000000000000000e+00
9.653415697258493910e-02,1.611970385622005786e-01,0.000000000000000000e+00
1.054584920282959359e-01,6.913460154635557853e-01,0.000000000000000000e+00
9.241614010016909742e-01,4.943550707597014204e-01,0.000000000000000000e+00
8.909580744701975918e-01,8.650219301494230795e-01,0.000000000000000000e+00
4.529158543840681173e-01,4.278398899174717940e-02,0.000000000000000000e+00
5.485703569074459329e-01,8.614556160496724679e-01,0.000000000000000000e+00
6.801357616771511738e-01,9.299424693204655368e-01,0.000000000000000000e+00
8.687209021728047320e-01,3.415805920604988444e-01,0.000000000000000000e+00
4.919517531042026937e-01,2.143964776369849945e-01,1.000000000000000000e+00
4.145971242780547295e-01,9.321850152077931773e-01,0.000000000000000000e+00
9.058169690766630922e-01,2.825292604087766835e-01,0.000000000000000000e+00
8.500840801165354677e-01,8.116840829348931363e-01,0.000000000000000000e+00
2.014539357649038909e-01,9.766620610719947138e-01,0.000000000000000000e+00
9.186048408421982892e-01,7.482582630076887176e-01,0.000000000000000000e+00
7.991313951669879456e-01,6.369014134406717487e-01,0.000000000000000000e+00
9.122972476346041804e-01,4.585359977807299536e-01,0.000000000000000000e+00
3.200722921267816767e-01,1.013824353645090826e-01,0.000000000000000000e+00
1.607487127373105062e-01,2.830885260502878920e-01,0.000000000000000000e+00
5.900900993241332548e-01,6.257559637473875114e-01,1.000000000000000000e+00
4.286119879660643672e-01,6.735027794794995470e-01,1.000000000000000000e+00
3.703809904359424143e-01,3.368309007818264256e-01,1.000000000000000000e+00
8.443785842940358943e-01,5.674704458092305615e-01,0.000000000000000000e+00
5.085269075839153885e-01,7.714388418915232304e-01,1.000000000000000000e+00
5.659587712729099440e-01,7.898675867960471830e-01,1.000000000000000000e+00
1.417969516856640855e-01,2.859942793623322377e-01,0.000000000000000000e+00
7.155242434921182948e-02,4.319171651292670333e-01,0.000000000000000000e+00
6.802846074208481753e-01,3.083462575162553287e-01,1.000000000000000000e+00
3.627374217339541795e-01,1.852598064673804945e-01,0.000000000000000000e+00
2.498403003619897866e-02,5.648455803161414046e-01,0.000000000000000000e+00
9.602720435361529194e-01,5.400954696260007459e-02,0.000000000000000000e+00
7.274958252354435384e-02,5.408773630317852410e-01,0.000000000000000000e+00
7.537884290986138769e-01,8.377088057596876469e-01,0.000000000000000000e+00
3.743548395982267962e-01,7.643758224471526308e-01,1.000000000000000000e+00
3.479179924602201490e-01,4.757492827603893026e-01,1.000000000000000000e+00
9.678040669573225729e-01,7.562399839844524685e-01,0.000000000000000000e+00
4.398569067258071286e-01,3.049475907560413868e-01,1.000000000000000000e+00
9.987633345904978199e-01,3.624204057120214983e-01,0.000000000000000000e+00
7.754656406709354854e-01,9.967352190680001112e-01,0.000000000000000000e+00
5.629536511885030459e-01,6.733148103565009812e-01,1.000000000000000000e+00
6.786535973252769693e-01,7.256115574180731498e-01,1.000000000000000000e+00
3.750390850071609883e-01,7.722449841197257525e-01,1.000000000000000000e+00
4.353237161070460104e-01,1.732307009311757628e-01,0.000000000000000000e+00
8.163143103920468269e-01,3.389212630046450903e-01,0.000000000000000000e+00
7.023035374057277069e-01,6.017943806890351244e-01,1.000000000000000000e+00
9.370174247835889592e-01,5.649799336583127829e-01,0.000000000000000000e+00
3.662104695958271483e-01,5.430321131675064361e-02,0.000000000000000000e+00
9.506016768988722054e-01,2.952565990829292275e-01,0.000000000000000000e+00
4.923029702399657204e-01,7.598839773097348926e-01,1.000000000000000000e+00
4.332826244191253506e-01,9.880933154017067510e-01,0.000000000000000000e+00
2.967348062686280263e-01,2.149578254430880575e-01,0.000000000000000000e+00
6.255508492112678010e-01,2.427192928746111367e-01,1.000000000000000000e+00
2.679899063341175669e-01,3.338023927120224998e-01,1.000000000000000000e+00
4.960922590200483873e-01,7.141599659993765892e-01,1.000000000000000000e+00
1.325761821539248597e-01,6.806892111705434845e-01,0.000000000000000000e+00
2.894863241418871302e-01,1.399471957096941610e-01,0.000000000000000000e+00
7.265338086046713162e-02,4.629820991117685747e-01,0.000000000000000000e+00
1.096257483432460100e-01,6.014493399995594070e-01,0.000000000000000000e+00
5.629778652681860507e-02,7.191313219750874453e-01,0.000000000000000000e+00
6.901095570018243031e-01,8.840056803628426607e-03,0.000000000000000000e+00
5.766786072332151791e-01,1.636313304192739126e-01,0.000000000000000000e+00
6.996343982216712831e-01,1.888228183088724865e-01,0.000000000000000000e+00
6.743897438482460149e-02,5.843996579348779141e-01,0.000000000000000000e+00
1.568491930264472867e-01,8.185319274603514161e-01,0.000000000000000000e+00
3.696362624832194577e-01,1.711919921166689118e-01,0.000000000000000000e+00
2.303068692409182550e-02,6.901483148107038224e-01,0.000000000000000000e+00
4.240167870684992124e-01,1.209494663763344136e-02,0.000000000000000000e+00
1.169626201261081411e-01,3.768007676076642332e-01,0.000000000000000000e+00
7.454297568861234513e-02,3.408745597074646083e-01,0.000000000000000000e+00
3.165739350347340775e-01,4.116764374450662123e-01,1.000000000000000000e+00
8.742339695472743921e-01,4.202178653598551694e-01,0.000000000000000000e+00
2.010840889959257805e-01,3.279140795962810495e-01,0.000000000000000000e+00
1.378387546331927282e-02,6.073031110956016443e-01,0.000000000000000000e+00
4.338086028031571395e-01,3.725003786509715198e-01,1.000000000000000000e+00
4.071558514938929951e-01,3.477132816445982488e-01,1.000000000000000000e+00
3.358257406322584515e-01,3.605954616341958685e-01,1.000000000000000000e+00
9.431010620023161373e-03,6.800161119468424165e-01,0.000000000000000000e+00
1.071625718330887489e-01,1.978284052471822596e-01,0.000000000000000000e+00
6.515394399659550917e-01,8.027263076754164173e-01,0.000000000000000000e+00
8.205817419030898563e-01,8.831738538163304009e-01,0.000000000000000000e+00
5.226056352112793402e-01,2.307608791100427270e-01,1.000000000000000000e+00
3.879508607308349566e-01,1.157073872254318347e-01,0.000000000000000000e+00
5.895356350916480803e-01,1.827953967571581684e-01,0.000000000000000000e+00
7.462289895785504390e-01,2.903500324539332045e-02,0.000000000000000000e+00
8.321500389102171047e-01,4.504072273273096449e-03,0.000000000000000000e+00
4.458946081590527966e-01,2.276728732803292576e-01,1.000000000000000000e+00
7.061974889506683617e-02,4.660410211354093502e-01,0.000000000000000000e+00
5.908365943487994265e-01,5.622936654395478406e-01,1.000000000000000000e+00
7.166237328655444827e-02,3.733124300652895800e-01,0.000000000000000000e+00
5.717547991369216209e-01,3.609508514141276381e-01,1.000000000000000000e+00
5.362504029606429690e-02,9.421304425562093687e-02,0.000000000000000000e+00
6.997189601459489205e-01,1.555972363602942110e-03,0.000000000000000000e+00
5.880285237435973755e-01,1.517167549590658915e-02,0.000000000000000000e+00
8.330863074573283678e-01,2.166461057039886784e-01,0.000000000000000000e+00
8.907178977740183301e-01,7.447734677339603593e-01,0.000000000000000000e+00
2.644705962237493546e-01,1.751231852761708785e-01,0.000000000000000000e+00
2.245447146194946564e-01,2.100552209399348946e-01,0.000000000000000000e+00
9.635400053453396785e-01,6.881616239826506831e-01,0.000000000000000000e+00
5.830430133002505455e-01,8.801117912636945428e-01,0.000000000000000000e+00
1.603624945566847204e-01,8.947114471394036483e-01,0.000000000000000000e+00
9.108346247033218823e-01,8.188820383613483189e-01,0.000000000000000000e+00
6.548170002261510803e-02,3.768591209433089784e-01,0.000000000000000000e+00
8.421922102662334764e-01,6.668973063757213104e-01,0.000000000000000000e+00
9.827325299992414331e-01,4.782797971927955638e-01,0.000000000000000000e+00
1.166946032235666175e-01,7.299006414115287722e-01,0.000000000000000000e+00
3.249370186658551152e-02,1.124356142640131617e-01,0.000000000000000000e+00
5.163324716384016799e-01,8.804741192388413351e-01,0.000000000000000000e+00
4.663908192788603913e-01,6.330801528748687401e-01,1.000000000000000000e+00
8.835619971382011606e-01,7.690302025352693249e-01,0.000000000000000000e+00
2.363135214983627108e-01,6.999303100017951751e-01,0.000000000000000000e+00
8.732169581517902346e-01,7.040218354494238717e-01,0.000000000000000000e+00
1.339221975918728491e-01,4.594546454948115199e-01,0.000000000000000000e+00
4.555754147642826490e-01,9.968868812477377217e-01,0.000000000000000000e+00
7.385095362691397325e-01,8.486333165646764432e-02,0.000000000000000000e+00
8.165711182603603291e-01,9.508628158947792786e-01,0.000000000000000000e+00
7.467899739977017504e-01,5.932694942675200700e-01,1.000000000000000000e+00
7.308483414825694968e-01,8.786504732728624978e-01,0.000000000000000000e+00
1.362052247221512413e-01,4.590413588442197046e-01,0.000000000000000000e+00
2.749267885640480635e-01,7.624613419392644031e-01,0.000000000000000000e+00
9.237783725747098496e-01,9.825178656389348397e-01,0.000000000000000000e+00
4.295328242005780339e-02,8.677165598980014494e-01,0.000000000000000000e+00
3.176443446006635973e-01,8.161232086000271835e-01,0.000000000000000000e+00
7.542147542930686122e-01,3.481785793564555753e-01,1.000000000000000000e+00
8.552482461109452982e-01,5.758362365772176084e-01,0.000000000000000000e+00
9.552396749247626939e-02,1.075530830963298268e-01,0.000000000000000000e+00
8.600025975560738889e-01,7.938759530404210230e-01,0.000000000000000000e+00
4.283882644477363666e-01,9.756521276396024067e-02,0.000000000000000000e+00
3.496992956501647765e-01,2.069396795757793006e-01,0.000000000000000000e+00
1.704853376967023770e-01,6.976154777642977756e-01,0.000000000000000000e+00
7.336563062109192623e-01,5.174477250937985495e-01,1.000000000000000000e+00
9.688433958757181053e-02,9.331713955395293247e-01,0.000000000000000000e+00
7.380098839610068628e-01,5.243102148141411956e-01,1.000000000000000000e+00
3.618876447161448739e-01,9.405241522346501348e-01,0.000000000000000000e+00
2.271587295145948149e-01,2.793351508852647269e-01,0.000000000000000000e+00
5.882322542229220241e-01,5.160229967095565362e-01,1.000000000000000000e+00
9.958325536957688406e-01,1.257362989274224407e-02,0.000000000000000000e+00
2.907264517685047567e-01,5.432877990514703992e-01,1.000000000000000000e+00
8.909475405437391471e-01,1.384653698687317025e-01,0.000000000000000000e+00
8.718722867962722667e-01,5.122550162535020046e-01,0.000000000000000000e+00
2.188495801790314443e-01,9.722703429045020940e-01,0.000000000000000000e+00
5.552334576534231347e-01,3.337654204217420650e-01,1.000000000000000000e+00
7.365233958306958151e-01,1.939305356165763605e-01,0.000000000000000000e+00
9.045177768183081390e-01,6.278156038217305168e-01,0.000000000000000000e+00
9.629809789077204973e-01,2.537574833821776288e-02,0.000000000000000000e+00
4.727196943376016369e-01,5.920856882453739978e-01,1.000000000000000000e+00
1.421198682598927565e-01,4.308952306740616578e-01,0.000000000000000000e+00
2.045964517377798497e-01,6.847562418799396644e-01,0.000000000000000000e+00
4.779820992561855109e-01,7.992511850762785697e-01,1.000000000000000000e+00
4.460719070221216276e-01,6.451493697195085364e-01,1.000000000000000000e+00
5.530240750960901952e-02,3.143008556266866371e-01,0.000000000000000000e+00
9.492455685697208656e-01,8.010054286658256917e-01,0.000000000000000000e+00
6.592118235375801216e-01,8.077035351153346587e-01,0.000000000000000000e+00
3.594031495153560130e-02,1.538819417576833271e-01,0.000000000000000000e+00
3.106444293516971156e-01,4.652988085216810399e-01,1.000000000000000000e+00
6.595963693833123420e-01,3.364256782368550969e-01,1.000000000000000000e+00
1.681888515889411462e-01,3.562117234458991311e-01,0.000000000000000000e+00
7.034588950001130492e-02,3.920317319466362083e-01,0.000000000000000000e+00
4.721952137261415938e-01,1.383863968883645157e-01,0.000000000000000000e+00
3.475604368036041558e-01,7.642991023788443528e-01,1.000000000000000000e+00
5.100147220664984493e-01,2.255890635137629552e-01,1.000000000000000000e+00
5.247533720132134816e-01,4.670274163633043596e-01,1.000000000000000000e+00
7.875827969442968923e-01,4.530372482962263803e-01,1.000000000000000000e+00
3.364968942004651353e-01,7.223684155917120542e-03,0.000000000000000000e+00
9.702335534842090325e-01,8.384329298630437410e-01,0.000000000000000000e+00
6.960106333702722470e-01,9.764520520864717890e-01,0.000000000000000000e+00
6.701205006817072540e-01,8.824070328411912634e-01,0.000000000000000000e+00
1.891008672346864428e-01,9.922863513197447416e-01,0.000000000000000000e+00
6.669934179622907244e-01,1.958321394658033565e-01,0.000000000000000000e+00
5.301162292290338973e-01,2.675845522568276458e-01,1.000000000000000000e+00
8.010621666635019400e-01,3.675048255426626165e-01,0.000000000000000000e+00
4.770383269621873978e-01,2.036263826901101304e-01,1.000000000000000000e+00
1.879602969212734731e-02,1.342431921011232321e-01,0.000000000000000000e+00
8.021617921765848980e-01,8.738756055498597686e-01,0.000000000000000000e+00
8.204259086140633928e-01,5.684607858533197167e-03,0.000000000000000000e+00
9.051449560891126067e-01,9.989697424229709855e-01,0.000000000000000000e+00
2.778004117326245970e-01,7.698974350829979052e-02,0.000000000000000000e+00
3.864389868736712863e-01,9.156824662482048183e-01,0.000000000000000000e+00
7.163162931947786305e-01,7.770103927339501171e-01,0.000000000000000000e+00
7.913251267360219554e-01,4.626883779986280532e-01,1.000000000000000000e+00
1.194332412010910005e-01,8.362648384308036809e-01,0.000000000000000000e+00
2.330824160658925281e-01,7.524974797466600362e-01,0.000000000000000000e+00
9.430384591991153309e-01,2.219387459998535261e-01,0.000000000000000000e+00
3.554812227333964403e-01,8.229170598086041899e-01,0.000000000000000000e+00
2.877697320255759861e-01,1.516118175198780671e-01,0.000000000000000000e+00
8.369955104276223246e-01,5.189350613533626477e-01,0.000000000000000000e+00
9.304352908102289099e-01,1.731875165242886538e-01,0.000000000000000000e+00
6.628426991360010234e-01,5.524577658171192507e-01,1.000000000000000000e+00
4.825090059575669610e-01,4.032421170264299803e-01,1.000000000000000000e+00
2.575962585080604494e-01,6.999909052670536536e-01,1.000000000000000000e+00
7.368772130826004574e-01,1.502422126048197359e-02,0.000000000000000000e+00
7.751871156608162172e-01,2.299059428416733164e-01,0.000000000000000000e+00
7.908025179670800098e-01,6.982889495708292094e-01,0.000000000000000000e+00
5.945625997024670539e-01,7.769236875757954408e-01,1.000000000000000000e+00
9.162106579767319570e-01,7.016424677586606817e-01,0.000000000000000000e+00
3.823371279529796940e-02,3.643811384460494684e-01,0.000000000000000000e+00
4.141375266844948833e-02,3.874299985165895466e-01,0.000000000000000000e+00
2.855713224825031649e-01,4.235327820814049904e-01,1.000000000000000000e+00
4.370728516045424561e-01,1.859931594023556123e-01,0.000000000000000000e+00
6.948096816886903948e-01,1.499721036112560135e-01,0.000000000000000000e+00
5.935776610303483691e-01,5.102519686148183631e-01,1.000000000000000000e+00
2.545728305495462696e-01,9.342341602439243609e-01,0.000000000000000000e+00
2.763305330420421368e-01,5.960677280414915513e-01,1.000000000000000000e+00
7.708428999099027346e-01,2.235113532767454281e-01,0.000000000000000000e+00
4.015684501980421039e-02,2.165716932820014318e-01,0.000000000000000000e+00
3.169979610577748907e-01,3.560043383296259689e-01,1.000000000000000000e+00
8.167220660045545477e-01,1.271871290092049245e-01,0.000000000000000000e+00
7.416328237387300737e-01,1.975599867361274020e-01,0.000000000000000000e+00
3.962702083064080227e-01,8.820106757947214771e-01,0.000000000000000000e+00
3.782248766861424638e-01,1.139952410446253284e-01,0.000000000000000000e+00
5.291009287298951147e-01,7.096797690705366479e-01,1.000000000000000000e+00
3.460540389926556326e-01,9.050082986074348135e-01,0.000000000000000000e+00
4.659123569864822567e-01,9.394950297442812293e-01,0.000000000000000000e+00
2.279747513452056173e-01,8.029505178152115397e-01,0.000000000000000000e+00
1.395602272857743298e-02,6.750630542922788635e-01,0.000000000000000000e+00
9.024148545022337986e-01,3.187485690162857876e-01,0.000000000000000000e+00
9.424065072140280774e-01,1.322506687851748852e-01,0.000000000000000000e+00
6.745474801671318410e-01,5.820819491744901875e-01,1.000000000000000000e+00
4.277847372059362385e-01,4.515705383938831696e-01,1.000000000000000000e+00
3.213238126524555760e-01,2.580715778311146735e-01,1.000000000000000000e+00
6.848010429299357105e-01,3.487953906074443555e-01,1.000000000000000000e+00
3.964347173945049763e-01,9.799215060736505833e-01,0.000000000000000000e+00
1.742187067199775230e-01,4.077414881525065482e-01,0.000000000000000000e+00
4.631355463019248830e-02,5.073951409951515945e-01,0.000000000000000000e+00
7.936951156274049124e-01,1.749517452074389467e-02,0.000000000000000000e+00
7.422586220103433163e-01,4.677057618575183318e-01,1.000000000000000000e+00
7.203971248167994057e-01,2.919325524389519977e-01,1.000000000000000000e+00
3.557016178808555251e-01,5.483000314515118490e-02,0.000000000000000000e+00
3.476508682719295917e-01,2.706621228035496207e-01,1.000000000000000000e+00
9.722877648105190396e-01,3.822013442365534974e-02,0.000000000000000000e+00
6.085319718446581261e-01,6.394624898829022186e-01,1.000000000000000000e+00
8.290088192657905086e-01,8.709786837701960494e-01,0.000000000000000000e+00
3.292488153577003418e-01,4.832738703999445162e-01,1.000000000000000000e+00
7.355100851624440939e-01,5.916700876794777075e-01,1.000000000000000000e+00
7.299319147823138954e-01,3.367378792837796286e-01,1.000000000000000000e+00
6.690903910979607572e-01,6.110739403138378822e-01,1.000000000000000000e+00
7.621763932192445745e-01,5.212103923253125215e-01,1.000000000000000000e+00
4.560176854259173629e-01,7.711282444473099851e-02,0.000000000000000000e+00
6.946593362548391104e-01,3.480409465234663990e-01,1.000000000000000000e+00
8.545407901805405215e-01,6.040387318252848914e-01,0.000000000000000000e+00
4.721046618436536280e-01,7.604137954925715981e-01,1.000000000000000000e+00
7.740634201430317551e-01,5.518914551378454325e-01,1.000000000000000000e+00
3.395239533054341674e-01,5.358436315875351186e-01,1.000000000000000000e+00
2.861289484373210623e-01,3.984611487975443511e-01,1.000000000000000000e+00
2.204931302256264436e-01,1.398153222996183498e-01,0.000000000000000000e+00
8.340807782862063036e-01,9.239733788435949835e-01,0.000000000000000000e+00
1.029307926074752855e-01,1.450189548948010998e-02,0.000000000000000000e+00
5.538089648088225792e-01,9.761958272365889311e-02,0.000000000000000000e+00
3.360953412818927788e-01,8.774238723674634421e-01,0.000000000000000000e+00
5.041767103074575873e-01,6.432714573985767181e-01,1.000000000000000000e+00
3.192812903443305039e-01,8.334489251527623654e-01,0.000000000000000000e+00
8.382876839338138097e-01,6.237369661322309522e-01,0.000000000000000000e+00
7.766620875629584031e-01,1.161439445726222264e-01,0.000000000000000000e+00
6.066725619956067073e-01,6.926964614509253382e-01,1.000000000000000000e+00
5.109576373999205057e-01,6.196137227109899115e-01,1.000000000000000000e+00
6.661821139487100751e-03,8.946263869315664863e-01,0.000000000000000000e+00
5.931591439242084318e-01,1.983417239659827080e-01,1.000000000000000000e+00
6.271902044900450335e-01,1.441569563396666309e-01,0.000000000000000000e+00
1.870736878452349261e-01,2.539751512620724849e-01,0.000000000000000000e+00
9.985389613450144086e-01,6.496057523111509191e-02,0.000000000000000000e+00
7.565234736101018598e-01,7.238607943815882351e-01,0.000000000000000000e+00
5.958426563963996614e-01,4.527628332167488168e-02,0.000000000000000000e+00
9.522173450018378560e-03,6.892939952633827527e-01,0.000000000000000000e+00
9.950329055895589248e-01,6.129554669287567981e-01,0.000000000000000000e+00
5.473083911964714554e-01,8.262354794913968625e-01,0.000000000000000000e+00
7.530772056125025760e-01,5.951527387989257178e-01,1.000000000000000000e+00
2.329804712251563048e-01,1.798576789843279178e-01,0.000000000000000000e+00
2.285757446066735143e-01,1.353517873574621166e-01,0.000000000000000000e+00
6.820757035669371415e-01,5.053154504477931352e-01,1.000000000000000000e+00
2.448234557035704473e-01,5.870822420459937963e-01,1.000000000000000000e+00
5.565738888844611321e-01,1.965892796757338079e-01,1.000000000000000000e+00
1.802075262547979673e-01,5.925011545015628212e-01,0.000000000000000000e+00
1.881065901561213005e-01,8.383849366385450752e-01,0.000000000000000000e+00
1.234762518148836419e-01,6.778850638108819826e-01,0.000000000000000000e+00
7.175322619162104454e-01,6.120286043461692360e-01,1.000000000000000000e+00
1.461392474004561404e-01,6.205329201793452487e-02,0.000000000000000000e+00
4.648500884402060329e-01,8.871337990504819526e-01,0.000000000000000000e+00
9.835319810357818771e-01,2.210736205291847778e-01,0.000000000000000000e+00
2.187291543326991272e-01,3.967188173151143804e-01,1.000000000000000000e+00
8.586078492053377254e-01,2.911389404324804531e-01,0.000000000000000000e+00
3.701194332543911170e-01,7.853873623740460497e-01,1.000000000000000000e+00
5.921268479604802071e-02,8.890226450897340538e-01,0.000000000000000000e+00
1.930393203957725401e-01,5.465775067912787000e-01,1.000000000000000000e+00
7.384887348177437971e-01,9.149075031676183745e-01,0.000000000000000000e+00
7.254529517060672728e-01,1.695021352503898182e-01,0.000000000000000000e+00
3.611359280949244521e-02,6.301241734807419004e-01,0.000000000000000000e+00
2.819760349249691433e-01,2.508013078321926770e-01,0.000000000000000000e+00
4.734495601940860166e-01,1.779611682357173930e-02,0.000000000000000000e+00
7.320410245313616615e-01,8.453862385235400012e-02,0.000000000000000000e+00
3.849237061394203963e-01,3.702465753655463931e-01,1.000000000000000000e+00
2.565104883201392294e-01,4.121164024120960168e-02,0.000000000000000000e+00
2.890110442482938247e-01,1.631452077438984016e-01,0.000000000000000000e+00
3.256574146445496698e-01,6.365737971403344631e-01,1.000000000000000000e+00
5.885939317376198687e-01,1.734421288477692169e-01,0.000000000000000000e+00
7.328599475027965937e-01,3.498791645432424158e-01,1.000000000000000000e+00
1.416302805824187772e-02,2.485050740775214262e-01,0.000000000000000000e+00
9.055752884053014373e-01,7.375701420581249890e-01,0.000000000000000000e+00
4.277052128245378837e-01,8.139235121753484181e-01,0.000000000000000000e+00
6.508027334142252318e-01,2.470921741276995709e-01,1.000000000000000000e+00
8.011051246846967455e-01,7.873360843165686518e-01,0.000000000000000000e+00
5.790149941391532495e-01,3.218726806896571313e-01,1.000000000000000000e+00
9.874796585382339398e-01,9.213061330261564930e-01,0.000000000000000000e+00
2.403382871833303902e-01,6.649061294632189201e-01,1.000000000000000000e+00
8.494099592680991462e-01,5.154465217675208155e-02,0.000000000000000000e+00
5.528641458302565592e-01,6.944716542991832275e-01,1.000000000000000000e+00
7.061647030319824214e-01,2.800176704406154293e-01,1.000000000000000000e+00
5.792974811679494351e-01,8.046924523197356294e-01,1.000000000000000000e+00
5.887209042659666824e-01,5.660539783014061355e-01,1.000000000000000000e+00
4.906666424639127833e-02,9.734876291092698919e-01,0.000000000000000000e+00
1.192748980794020586e-01,5.907052939453889540e-01,0.000000000000000000e+00
1.553695531620820081e-01,4.196962183950538883e-01,0.000000000000000000e+00
4.058460751571629777e-01,3.424358336441313266e-01,1.000000000000000000e+00
4.854900489138065378e-01,4.557818826206793128e-01,1.000000000000000000e+00
1.628581350437885433e-01,1.797952205175988860e-01,0.000000000000000000e+00
4.425553382775121447e-01,4.726517996652730425e-01,1.000000000000000000e+00
2.575506471664357200e-01,3.286295908593821480e-01,1.000000000000000000e+00
6.866053918836757530e-01,8.171030866915440782e-01,0.000000000000000000e+00
5.653314456092881635e-01,7.386429998624503002e-01,1.000000000000000000e+00
5.002240190781271911e-01,4.484955518235614891e-01,1.000000000000000000e+00
5.518811422767413433e-01,2.542718222461917144e-01,1.000000000000000000e+00
1.816417123804708877e-01,9.583668579836892576e-01,0.000000000000000000e+00
5.579296592274330946e-01,3.307067948057940132e-02,0.000000000000000000e+00
3.973462961102569579e-02,3.309253197989435735e-01,0.000000000000000000e+00
2.625200067659327896e-02,7.907115316328535704e-01,0.000000000000000000e+00
3.137911572642082536e-01,2.064244911702478591e-01,0.000000000000000000e+00
6.758295138549339498e-01,3.116143197866122483e-01,1.000000000000000000e+00
7.634098038373662298e-01,5.304586365444206031e-01,1.000000000000000000e+00
2.682445593025228892e-02,4.776463895277893723e-01,0.000000000000000000e+00
9.800969415316326261e-01,4.209357401148314803e-01,0.000000000000000000e+00
4.362085722798960674e-01,3.711747563451008869e-01,1.000000000000000000e+00
3.046686389406061402e-02,5.715801874617492118e-01,0.000000000000000000e+00
4.696849794840360914e-01,8.934389354102600933e-02,0.000000000000000000e+00
5.231885659256005905e-01,2.449725103415808514e-01,1.000000000000000000e+00
6.421840125190312332e-01,5.424909071606256461e-01,1.000000000000000000e+00
1.146181647144091098e-01,1.869695345604759362e-01,0.000000000000000000e+00
6.471588928081326575e-01,9.951330830778694070e-01,0.000000000000000000e+00
5.345624346976265429e-01,7.043108230554193661e-01,1.000000000000000000e+00
8.154166728419675048e-01,6.163838771396411564e-01,0.000000000000000000e+00
5.606546668364520425e-01,6.070308996220145081e-01,1.000000000000000000e+00
2.579050354370555631e-01,9.212471219275519818e-01,0.000000000000000000e+00
9.415929545007777346e-01,9.930206461313204613e-01,0.000000000000000000e+00
4.446228539344447839e-01,4.726312689193943317e-01,1.000000000000000000e+00
6.331007469935282517e-01,1.777547172661210206e-01,0.000000000000000000e+00
9.788607772879939217e-01,1.560836513264085568e-01,0.000000000000000000e+00
9.737711333796723601e-01,9.867579073846532989e-01,0.000000000000000000e+00
6.490805107498388571e-01,8.783060277104425273e-01,0.000000000000000000e+00
3.882598469350695414e-02,3.658263235872650787e-01,0.000000000000000000e+00
3.193604670843634974e-01,8.888464329037136791e-01,0.000000000000000000e+00
4.002913565195564960e-01,2.363698614216228622e-01,1.000000000000000000e+00
3.767768859101200407e-01,8.890273408926866461e-01,0.000000000000000000e+00
8.681634336468662116e-01,9.769454868538579584e-01,0.000000000000000000e+00
4.691479937674887246e-01,6.300167817608356424e-01,1.000000000000000000e+00
5.695903306749924289e-01,6.838059110752574554e-01,1.000000000000000000e+00
3.419908783463235791e-01,3.120297221436165724e-01,1.000000000000000000e+00
9.327193388840608890e-01,5.201308756948058720e-01,0.000000000000000000e+00
6.038240515368734629e-01,5.456954658078000397e-01,1.000000000000000000e+00
4.417788901248502764e-01,7.520794898853896404e-01,1.000000000000000000e+00
8.151787887989320192e-01,6.966074061945978224e-01,0.000000000000000000e+00
1.222565764825346291e-01,8.992050095169898949e-01,0.000000000000000000e+00
3.364940334858853577e-01,8.915440282173127118e-01,0.000000000000000000e+00
6.046850107591585921e-01,6.023268911077057641e-01,1.000000000000000000e+00
2.267004792039470917e-01,5.199595871806425018e-01,1.000000000000000000e+00
7.731364657113274363e-01,4.324624067168387764e-01,1.000000000000000000e+00
1.086724654205758478e-01,1.431143650738329054e-01,0.000000000000000000e+00
2.977708984252043223e-01,5.318444095689396356e-01,1.000000000000000000e+00
2.126448384177512807e-01,3.334275120092529132e-01,0.000000000000000000e+00
1.505181740241533506e-01,2.546706928375469525e-01,0.000000000000000000e+00
8.050138370238379970e-02,6.393853563883779012e-01,0.000000000000000000e+00
2.924175747229341704e-01,9.685007473396445299e-01,0.000000000000000000e+00
9.779442891377785330e-01,8.036883004124341090e-01,0.000000000000000000e+00
8.196765151742377853e-01,9.789241051220450851e-01,0.000000000000000000e+00
8.099506902154118837e-01,2.799386122868910975e-01,0.000000000000000000e+00
6.933833332421741602e-01,2.245671278633641910e-01,0.000000000000000000e+00
8.413754762362114503e-01,7.114774885889418865e-01,0.000000000000000000e+00
8.210353345433896166e-02,4.259078931805799773e-01,0.000000000000000000e+00
1.643969962494148396e-01,5.984547624157382506e-01,0.000000000000000000e+00
4.083936702665731389e-01,2.804658200146515901e-01,1.000000000000000000e+00
5.956440567022970312e-01,4.813765869792767660e-01,1.000000000000000000e+00
2.919810319660820497e-01,8.553601657177694051e-01,0.000000000000000000e+00
3.638060301094407922e-01,7.473418159050404519e-01,1.000000000000000000e+00
5.051278068919411446e-01,5.411848940054677648e-01,1.000000000000000000e+00
1.098232542595506400e-01,4.309092175858247886e-01,0.000000000000000000e+00
3.231966299793683772e-01,8.325436378072514909e-01,0.000000000000000000e+00
2.896615215246999275e-01,1.495507272600959947e-02,0.000000000000000000e+00
8.017292333218373201e-02,5.751219857496602250e-01,0.000000000000000000e+00
3.690352085526268366e-01,4.898066689326877610e-01,1.000000000000000000e+00
3.327094753487933598e-01,6.853587092982094120e-01,1.000000000000000000e+00
8.712923177313279810e-01,5.046709516301385312e-01,0.000000000000000000e+00
2.200782245466134102e-01,6.031875198838536623e-01,1.000000000000000000e+00
5.736049607244757542e-01,3.792440006767358041e-01,1.000000000000000000e+00
4.052086023461886066e-01,3.906472500545791204e-01,1.000000000000000000e+00
7.785050099745349783e-01,4.586179954788363045e-01,1.000000000000000000e+00
5.199003866450929712e-01,1.162742884242367047e-01,0.000000000000000000e+00
6.471457036243440930e-01,8.589264081095168146e-01,0.000000000000000000e+00
2.652066455160393410e-01,1.076546944660488059e-01,0.000000000000000000e+00
5.222575800667930146e-01,9.783329816768554510e-01,0.000000000000000000e+00
8.445000444495233127e-01,2.747455091764291479e-01,0.000000000000000000e+00
8.765763010612981354e-02,8.115910014900299396e-01,0.000000000000000000e+00
5.068181994067538776e-01,3.293052162835105046e-01,1.000000000000000000e+00
7.957580911511396016e-01,8.418437710275726849e-01,0.000000000000000000e+00
9.987840065484311358e-01,2.028244325346452159e-01,0.000000000000000000e+00
2.028905967160139490e-01,5.193956890235578161e-01,1.000000000000000000e+00
9.436798987593691956e-01,8.116678505960267520e-01,0.000000000000000000e+00
6.203063974994088570e-01,9.932114194056850254e-01,0.000000000000000000e+00
8.465072273291356364e-01,2.879584873479569262e-01,0.000000000000000000e+00
1.235159924088045091e-01,1.920107805256151545e-01,0.000000000000000000e+00
5.254572915473862960e-01,8.150490917565814675e-01,1.000000000000000000e+00
2.696687269639742590e-01,5.476112737569387434e-01,1.000000000000000000e+00
2.454518132259064789e-01,7.290937695054846568e-01,0.000000000000000000e+00
3.858630305888930412e-01,2.410492304106987005e-01,1.000000000000000000e+00
6.068607264832974746e-01,4.346100000681051290e-01,1.000000000000000000e+00
5.370670391997134363e-02,3.431938115098118747e-01,0.000000000000000000e+00
9.370606545133352006e-01,8.001789969971986327e-01,0.000000000000000000e+00
5.024074646821659051e-01,9.736635635840239500e-01,0.000000000000000000e+00
7.298200432152252004e-01,6.648260395259704136e-01,1.000000000000000000e+00
6.817864421480357429e-01,5.897460264695592036e-01,1.000000000000000000e+00
8.437780614746351882e-01,1.659738113035114093e-01,0.000000000000000000e+00
8.036279233775210917e-01,3.633987232667097445e-01,0.000000000000000000e+00
5.308765434915142523e-01,8.083026653869496148e-01,1.000000000000000000e+00
3.785008131493984296e-01,1.542586429974424078e-01,0.000000000000000000e+00
4.563431939068786081e-01,7.445316505377006511e-01,1.000000000000000000e+00
5.341108821893980618e-02,8.612339884179207594e-01,0.000000000000000000e+00
2.307651934797033677e-01,2.928388249036987245e-01,0.000000000000000000e+00
6.964807054934464281e-01,3.679177231965028438e-01,1.000000000000000000e+00
5.786373102549023928e-01,8.071423952650879086e-01,0.000000000000000000e+00
1.187811942485400563e-01,2.155257985290637279e-01,0.000000000000000000e+00
5.139775061833706804e-01,1.352894138841032046e-01,0.000000000000000000e+00
4.851191505099445855e-01,2.745203794099894123e-01,1.000000000000000000e+00
9.736599535163155128e-01,4.197260552913890663e-01,0.000000000000000000e+00
8.075649477667257159e-01,8.627304564473422532e-01,0.000000000000000000e+00
6.730862066867718818e-01,1.310676689031605724e-01,0.000000000000000000e+00
6.854818874785895133e-03,1.050093353766471393e-01,0.000000000000000000e+00
9.546693565489746680e-01,7.002677490417393846e-01,0.000000000000000000e+00
1.088882691300463446e-02,6.055619055101630899e-01,0.000000000000000000e+00
2.433607108618895953e-01,3.305926506539413889e-01,1.000000000000000000e+00
9.510142344345164922e-01,2.807476960408307187e-01,0.000000000000000000e+00
6.092226286467160579e-01,7.862193152809883179e-01,1.000000000000000000e+00
1.183016762875196415e-01,4.808036197702950654e-01,0.000000000000000000e+00
9.283298716686991803e-01,6.287290012723566468e-01,0.000000000000000000e+00
7.618216606445404881e-02,8.907981646487355132e-01,0.000000000000000000e+00
2.735553812361894988e-01,5.947496969185199767e-01,1.000000000000000000e+00
2.707781363099814875e-01,6.869723117505244225e-01,1.000000000000000000e+00
1.796891535930636996e-01,7.255649183499318644e-01,0.000000000000000000e+00
8.011898205850928045e-01,7.807276487546926935e-01,0.000000000000000000e+00
1.086883818312939232e-01,6.899738724316728522e-02,0.000000000000000000e+00
4.586232877234517336e-01,4.219882450852557865e-01,1.000000000000000000e+00
2.086702359418336483e-01,9.519546529801180546e-01,0.000000000000000000e+00
1.125908486787837726e-01,8.269789514853905787e-01,0.000000000000000000e+00
4.353895512084765551e-01,4.578422453374362266e-01,1.000000000000000000e+00
2.580480962389345434e-01,1.884653461000334040e-01,0.000000000000000000e+00
9.452775401931812205e-01,6.944984655202324220e-03,0.000000000000000000e+00
5.195154486225824764e-01,8.453014471905624383e-01,0.000000000000000000e+00
4.067405581470330267e-01,4.573605021612205945e-01,1.000000000000000000e+00
2.796560158207418434e-01,7.380285779809764302e-01,0.000000000000000000e+00
4.391680797155311788e-01,7.400208191256900658e-01,1.000000000000000000e+00
7.389999968209326475e-03,2.617401389413506196e-01,0.000000000000000000e+00
9.498901004753774746e-01,6.788060074111010866e-01,0.000000000000000000e+00
3.836444904855456084e-01,7.216548300400539295e-01,1.000000000000000000e+00
5.136788789683703893e-01,8.456873859632201285e-01,0.000000000000000000e+00
4.655953431375337015e-02,1.933652170499324807e-01,0.000000000000000000e+00
8.638922688322363541e-01,6.986346298668609789e-01,0.000000000000000000e+00
3.174261114884755486e-01,8.856637880535045415e-01,0.000000000000000000e+00
7.183365038839948369e-01,2.934825646298722113e-01,1.000000000000000000e+00
8.393977690824292459e-01,5.291045526603336269e-01,0.000000000000000000e+00
3.071089962701726295e-01,4.055369894711868817e-01,1.000000000000000000e+00
8.568324999592539237e-01,5.268647233956349485e-01,0.000000000000000000e+00
3.848169252439942456e-01,5.365871109175863740e-01,1.000000000000000000e+00
1.347760481144282263e-01,1.482212785207331907e-01,0.000000000000000000e+00
9.665868337526872800e-02,5.528855072519307523e-01,0.000000000000000000e+00
6.220706786471112970e-01,2.561123794828806810e-01,1.000000000000000000e+00
2.864819745012443519e-01,5.967571658840996607e-01,1.000000000000000000e+00
3.750435639252012177e-01,1.177575348937550670e-01,0.000000000000000000e+00
9.825412238725221847e-01,4.874287579036510332e-01,0.000000000000000000e+00
3.427082021053272642e-01,5.369324096715557548e-01,1.000000000000000000e+00
4.220745031141989179e-01,2.487070347480413446e-02,0.000000000000000000e+00
3.476660535625736292e-01,1.204088255027051524e-01,0.000000000000000000e+00
5.090246905693072144e-01,9.675865656297574224e-01,0.000000000000000000e+00
5.319145576378322415e-01,7.169129488648570137e-01,1.000000000000000000e+00
8.873787821414492738e-01,3.930485016314189117e-01,0.000000000000000000e+00
7.956251793511067705e-01,7.863995503869369852e-02,0.000000000000000000e+00
6.247679406796751156e-01,6.738122053859489924e-01,1.000000000000000000e+00
1.933004401467360855e-01,6.615397435384151592e-01,0.000000000000000000e+00
3.842856429579049049e-01,9.897395532111394889e-01,0.000000000000000000e+00
5.429261018048757714e-01,4.961074908536161621e-01,1.000000000000000000e+00
9.877915405812303096e-01,4.262371362851559153e-01,0.000000000000000000e+00
3.842036787097038442e-01,4.495901881995594263e-01,1.000000000000000000e+00
7.210145222788149066e-01,4.924651641567412419e-02,0.000000000000000000e+00
3.190926105005820190e-01,1.885068635352945554e-01,0.000000000000000000e+00
1.682887611054741939e-01,4.121042428066730157e-01,0.000000000000000000e+00
2.805140367994245487e-01,5.047146601741765437e-01,1.000000000000000000e+00
3.573122310553716874e-01,9.568009670959687352e-02,0.000000000000000000e+00
2.963406149880485341e-01,8.803031249978976458e-02,0.000000000000000000e+00
2.198768906955093083e-01,1.807354040822386487e-01,0.000000000000000000e+00
2.648371692700201008e-01,4.044611772345738654e-01,1.000000000000000000e+00
1.709198768223466613e-01,7.635214040848387063e-01,0.000000000000000000e+00
7.107115914329831252e-02,4.487885919225969023e-01,0.000000000000000000e+00
2.856424543981234132e-01,4.625358032138484621e-01,1.000000000000000000e+00
6.491557592765321294e-01,7.277585640600257033e-01,1.000000000000000000e+00
6.796632778113095297e-01,5.299938734666103102e-01,1.000000000000000000e+00
1.496039958081738508e-01,8.506491930590616146e-01,0.000000000000000000e+00
1.470017649598921450e-01,2.113282218424261671e-01,0.000000000000000000e+00
8.195573785716270265e-02,5.113228479564722040e-01,0.000000000000000000e+00
6.726081000313410829e-01,9.234932813575896793e-01,0.000000000000000000e+00
7.819710597153386455e-01,2.372946867867098408e-02,0.000000000000000000e+00
9.641918863937104511e-01,8.705258308806695933e-02,0.000000000000000000e+00
1.905716745937181544e-01,4.297425367732408130e-01,0.000000000000000000e+00
7.851840627817824325e-01,1.300492849285846964e-01,0.000000000000000000e+00
5.612400266084632827e-01,2.798992057188052218e-01,1.000000000000000000e+00
1.969236622565624373e-01,2.425000420589690231e-01,0.000000000000000000e+00
3.940702546423739960e-01,4.878331090043526164e-01,1.000000000000000000e+00
6.618365015935572249e-01,2.845138484986579064e-01,1.000000000000000000e+00
2.940762963726031298e-01,6.728093001739603451e-01,1.000000000000000000e+00
1.062694551263446696e-01,2.668831657859044304e-01,0.000000000000000000e+00
8.124670063407732901e-01,8.717172773201159464e-01,0.000000000000000000e+00
6.479487144865214709e-01,9.423245271925618782e-01,0.000000000000000000e+00
3.079427190827870309e-01,7.870296077940600599e-01,0.000000000000000000e+00
3.579017540009455933e-01,8.046455983030083026e-01,0.000000000000000000e+00
4.576880166106549463e-01,3.105863213951918222e-01,1.000000000000000000e+00
7.519160481333418966e-01,4.585092406882883553e-01,1.000000000000000000e+00
7.983509135206360297e-01,4.250173138533591688e-01,1.000000000000000000e+00
4.878588954689755397e-01,2.756642002434318561e-01,1.000000000000000000e+00
8.174596552355809509e-01,1.635879025371012041e-02,0.000000000000000000e+00
4.474032089985696681e-01,7.860879735592865014e-01,1.000000000000000000e+00
5.582606790164061916e-01,7.884868339018068495e-01,1.000000000000000000e+00
5.959011310989027477e-01,8.777667597395552024e-01,0.000000000000000000e+00
6.628816004662831940e-01,4.808205873016563325e-01,1.000000000000000000e+00
6.755175727805872166e-01,7.194748229507139659e-01,1.000000000000000000e+00
9.360901886584525045e-01,8.634741422615703765e-01,0.000000000000000000e+00
8.755157247926084185e-01,4.341146888302946927e-01,0.000000000000000000e+00
6.955782836926315271e-01,5.848636668334888933e-01,1.000000000000000000e+00
8.479530628131670689e-01,1.834087795707718405e-01,0.000000000000000000e+00
1.853519338922546833e-01,1.840942393882870620e-01,0.000000000000000000e+00
1.914219270136898743e-01,2.553529384578665518e-01,0.000000000000000000e+00
9.285010594940984463e-01,9.634111179418094473e-01,0.000000000000000000e+00
9.256154145605772765e-01,7.380231058527488841e-01,0.000000000000000000e+00
3.669153440493185814e-01,7.914952759690633277e-01,0.000000000000000000e+00
2.318510393705021100e-01,2.581984635238396830e-01,0.000000000000000000e+00
7.640928952414243192e-01,6.763984525591237862e-02,0.000000000000000000e+00
5.494657996817080559e-01,9.958797142477593400e-01,0.000000000000000000e+00
5.943706996074611393e-01,3.661152303474607406e-01,1.000000000000000000e+00
7.721558417441167776e-01,8.500617950480660046e-02,0.000000000000000000e+00
1.707842369529585236e-01,3.169284999038513018e-02,0.000000000000000000e+00
1.231442712939083695e-01,8.804056307154651817e-01,0.000000000000000000e+00
6.628868952203619269e-01,8.038343979769263514e-01,0.000000000000000000e+00
1.023926824293635018e-01,5.986913941260223471e-01,0.000000000000000000e+00
6.313003483301985463e-01,5.838515577515960286e-01,1.000000000000000000e+00
3.287385938685261078e-02,8.959132618116374402e-01,0.000000000000000000e+00
1.220035656661164758e-01,7.415124750182109370e-01,0.000000000000000000e+00
1.692472479912819905e-01,9.453497074154285640e-01,0.000000000000000000e+00
7.552398230191442741e-01,3.362859552486677783e-01,1.000000000000000000e+00
2.258484651852188385e-01,5.196254524255542462e-01,1.000000000000000000e+00
3.536624158927846873e-01,2.231244146836697251e-01,1.000000000000000000e+00
9.857108548951496463e-01,8.571836706746400747e-01,0.000000000000000000e+00
3.443735929766017501e-01,1.612822522913254231e-01,0.000000000000000000e+00
5.333376011737325229e-01,8.673423587254760481e-01,0.000000000000000000e+00
1.123193675071775255e-01,3.651902425760631399e-01,0.000000000000000000e+00
2.148436017738704074e-01,9.572734177473721795e-01,0.000000000000000000e+00
2.857987100798170532e-01,1.750751209361062211e-01,0.000000000000000000e+00
8.501441129159134080e-01,7.212194833368870128e-01,0.000000000000000000e+00
7.429692708494861630e-02,7.689519909855153657e-01,0.000000000000000000e+00
5.198502054118878668e-01,8.899119328310495236e-01,0.000000000000000000e+00
3.793720404638982746e-01,8.325637152278675401e-02,0.000000000000000000e+00
7.744535174731076443e-01,7.775078831148973801e-02,0.000000000000000000e+00
5.620112509814236823e-01,2.977749085545173813e-01,1.000000000000000000e+00
4.089840324188126486e-01,3.993854480410925500e-01,1.000000000000000000e+00
2.140417580064842840e-01,1.407678878171891856e-01,0.000000000000000000e+00
3.406321932821824161e-01,8.006317995460113801e-01,0.000000000000000000e+00
9.185112377207276246e-01,9.717419536500943034e-01,0.000000000000000000e+00
5.139356931110040660e-01,3.729544384919637467e-01,1.000000000000000000e+00
3.200306804670001171e-01,3.137085701463826481e-02,0.000000000000000000e+00
3.543374669112164810e-02,1.872486531925812159e-01,0.000000000000000000e+00
2.133497746086209235e-01,6.537231031065783293e-01,0.000000000000000000e+00
6.982454735254117750e-01,3.452994998076625022e-01,1.000000000000000000e+00
4.262524501574049829e-02,2.033942943366872091e-01,0.000000000000000000e+00
3.548287661844243823e-01,9.711122273793818538e-01,0.000000000000000000e+00
3.661994919022363293e-01,4.840357592123838426e-01,1.000000000000000000e+00
2.520855064567621984e-01,5.508980981480650074e-01,1.000000000000000000e+00
9.060054591909771915e-01,5.143233654100753949e-01,0.000000000000000000e+00
5.170893257273723176e-02,1.743061398754447433e-01,0.000000000000000000e+00
3.033215330856521286e-01,9.699408867780040522e-01,0.000000000000000000e+00
1.492621498139479197e-01,6.784676751177539655e-01,0.000000000000000000e+00
7.808553281884057506e-01,7.866035953690722060e-01,0.000000000000000000e+00
5.146421536125458385e-01,4.293977584754582466e-01,1.000000000000000000e+00
1.949908863738621934e-01,8.161215674066383263e-01,0.000000000000000000e+00
9.458969763210678394e-02,7.846328533118207549e-01,0.000000000000000000e+00
1.223559244026736215e-01,3.968875977870035543e-01,0.000000000000000000e+00
6.102775524638028859e-01,2.322283946429671841e-01,1.000000000000000000e+00
1.706418794344521928e-01,7.398763328448918486e-01,0.000000000000000000e+00
5.105061778094258651e-01,9.630707239550608811e-01,0.000000000000000000e+00
2.608204616224405470e-01,5.230379216825242761e-02,0.000000000000000000e+00
7.432379849551620232e-01,4.033348567429544396e-01,1.000000000000000000e+00
9.993294481760106596e-01,8.444931990443449443e-01,0.000000000000000000e+00
2.489086296084767058e-01,1.816619376690855603e-01,0.000000000000000000e+00
3.484718360961391870e-01,3.060758919390593746e-01,1.000000000000000000e+00
9.636584410850118632e-01,2.007948395128210661e-01,0.000000000000000000e+00
3.211621394676761332e-01,5.608299364555970890e-01,1.000000000000000000e+00
1.651447536843351216e-01,5.572406674015006889e-02,0.000000000000000000e+00
3.025338839206638264e-01,9.689305182297376362e-01,0.000000000000000000e+00
2.940732391577900451e-01,6.151998443319380838e-01,1.000000000000000000e+00
8.212079060005880171e-01,1.782750143352931360e-01,0.000000000000000000e+00
4.012561673750958402e-01,2.583080468744987090e-01,1.000000000000000000e+00
7.081160278762789195e-01,3.893548406639409931e-01,1.000000000000000000e+00
1.128604966173635260e-01,6.207838283566001758e-01,0.000000000000000000e+00
6.353514064169112352e-01,3.602064680181618073e-01,1.000000000000000000e+00
2.093508692623515799e-01,9.163203978511011982e-01,0.000000000000000000e+00
3.822039258152785113e-01,2.878767100683026214e-01,1.000000000000000000e+00
3.185101568476134126e-01,7.772584687878346665e-01,0.000000000000000000e+00
8.532085716766246719e-01,7.234256360035050681e-01,0.000000000000000000e+00
1.610506680464134366e-01,4.931502437554705631e-01,0.000000000000000000e+00
6.033496319318694123e-01,8.836225528081816938e-01,0.000000000000000000e+00
2.830811163621083093e-02,1.973555491753288260e-01,0.000000000000000000e+00
9.519789526728759110e-01,9.633209123977312105e-01,0.000000000000000000e+00
8.191388269264243682e-01,6.717450589755841195e-01,0.000000000000000000e+00
9.035355104271070026e-02,9.576934232347269482e-01,0.000000000000000000e+00
4.497733016988150201e-01,9.274006022834707652e-01,0.000000000000000000e+00
8.709649952969050757e-01,5.358108619456919408e-01,0.000000000000000000e+00
4.436312843923787552e-01,3.421761709907660265e-01,1.000000000000000000e+00
7.936574625308163711e-01,8.902430519171079526e-01,0.000000000000000000e+00
8.835965423684074560e-01,6.476699559187238942e-01,0.000000000000000000e+00
8.458056960712230232e-01,2.267830034364687330e-01,0.000000000000000000e+00
3.387888227407100938e-01,1.645345828092861229e-01,0.000000000000000000e+00
2.563741956340520600e-01,4.734389389201698606e-01,1.000000000000000000e+00
8.733635381547216747e-01,9.288155534365366561e-01,0.000000000000000000e+00
7.927809612992138266e-01,7.319573186336038040e-01,0.000000000000000000e+00
7.277169809118148036e-01,9.224256145245848248e-01,0.000000000000000000e+00
3.018184639097517552e-01,9.778109396204730519e-01,0.000000000000000000e+00
5.255486582360407999e-01,2.366563446256910730e-01,1.000000000000000000e+00
8.290522514561989853e-01,7.715376200821785213e-01,0.000000000000000000e+00
8.443293636079718389e-02,7.817052501179850843e-01,0.000000000000000000e+00
7.791333095508261586e-01,8.398134688930928293e-01,0.000000000000000000e+00
7.299192824849587424e-03,3.029759043349922187e-01,0.000000000000000000e+00
3.604812395371093103e-02,5.095444787553571331e-02,0.000000000000000000e+00
2.498361987213374436e-01,5.261745616144153370e-02,0.000000000000000000e+00
9.976495720965266045e-01,5.279677358017506039e-01,0.000000000000000000e+00
8.114478256047231719e-01,5.834679099456419049e-02,0.000000000000000000e+00
5.232785381316062967e-02,8.057939488147685125e-01,0.000000000000000000e+00
3.035081781387982680e-01,6.344914940879752274e-01,1.000000000000000000e+00
8.251342836772322942e-01,1.700914290562004494e-01,0.000000000000000000e+00
2.117362059104915817e-01,3.104105965417132129e-01,0.000000000000000000e+00
7.927869725378555721e-02,4.853522512747431294e-01,0.000000000000000000e+00
4.319721007280524772e-01,8.815565370040214788e-01,0.000000000000000000e+00
3.601418067956978497e-01,5.048045355382503319e-01,1.000000000000000000e+00
9.123777469110462279e-01,1.636697123642339990e-01,0.000000000000000000e+00
1.094915534582445726e-01,4.803901143695499254e-02,0.000000000000000000e+00
1.024675626028900277e-01,6.747988794614881991e-01,0.000000000000000000e+00
6.614209414424938593e-01,8.725508131135487622e-01,0.000000000000000000e+00
7.356406682178546763e-01,6.662956233944462570e-01,1.000000000000000000e+00
7.559687206090861533e-01,7.002281399535625894e-02,0.000000000000000000e+00
8.841482631814618909e-01,3.275779945617726119e-01,0.000000000000000000e+00
1.706985136499445943e-01,8.443725638382902909e-01,0.000000000000000000e+00
3.954180710851138425e-01,2.859630016391832008e-01,1.000000000000000000e+00
4.884449684634709632e-01,2.840238148905286364e-01,1.000000000000000000e+00
4.698557649783252632e-02,8.131309639036848891e-01,0.000000000000000000e+00
4.351021983008828142e-01,5.658775493855849881e-02,0.000000000000000000e+00
2.635660118834560750e-01,5.500329579575405914e-01,1.000000000000000000e+00
9.722163485386747794e-01,1.687303478667500078e-01,0.000000000000000000e+00
8.657842920719174273e-01,1.135372958464853088e-02,0.000000000000000000e+00
7.315762658125711804e-01,2.838552634462730984e-01,0.000000000000000000e+00
6.763822693237291350e-01,7.524683552439707102e-01,1.000000000000000000e+00
3.046546903768597714e-01,7.614027570077358531e-01,0.000000000000000000e+00
3.163395633997951872e-01,9.917440072549373875e-01,0.000000000000000000e+00
4.382311761350561330e-01,8.978848286190688199e-02,0.000000000000000000e+00
6.206923764292014978e-01,7.751480645736067432e-01,1.000000000000000000e+00
2.848540625308217944e-01,3.422820195581011138e-01,1.000000000000000000e+00
6.192452996881310234e-01,1.382371595762561522e-01,0.000000000000000000e+00
4.005065944280935541e-01,8.110939035198811986e-01,0.000000000000000000e+00
2.844849290849916779e-01,6.095261552739739130e-02,0.000000000000000000e+00
3.712134917565647063e-01,7.285305396938521749e-01,1.000000000000000000e+00
3.698816444108263823e-01,4.949461061710795917e-01,1.000000000000000000e+00
1.686636432370015592e-01,7.105267934498404880e-01,0.000000000000000000e+00
2.549355514920448318e-02,2.702168019048167835e-02,0.000000000000000000e+00
3.398878869025919736e-01,6.578089277551578684e-01,1.000000000000000000e+00
4.473333821255305320e-01,6.697236392841990904e-01,1.000000000000000000e+00
7.738530050411495109e-01,6.301930261848801562e-01,1.000000000000000000e+00
4.870871417033293405e-01,1.627134018647889979e-01,0.000000000000000000e+00
1.474731811171983153e-01,4.684565466241145115e-01,0.000000000000000000e+00
5.415748785604534987e-02,4.764523463809905435e-01,0.000000000000000000e+00
2.799477450092466846e-01,7.972349101544579097e-01,0.000000000000000000e+00
8.453324080097323057e-01,7.561086889413604073e-01,0.000000000000000000e+00
1.299305290908745469e-01,8.058983335973213258e-02,0.000000000000000000e+00
8.939542139660010545e-01,3.237657947967996774e-01,0.000000000000000000e+00
4.376249996323910985e-02,2.836304746978000058e-01,0.000000000000000000e+00
4.452423587674601002e-01,6.542276783170126730e-01,1.000000000000000000e+00
8.296304608093127975e-01,2.217110672924822445e-01,0.000000000000000000e+00
4.588545135464019431e-01,8.565433131528027433e-01,0.000000000000000000e+00
5.946570728619484658e-01,5.696605630020062927e-01,1.000000000000000000e+00
6.291605327938800674e-01,2.312460756426335529e-01,1.000000000000000000e+00
5.412193201402543119e-01,9.584341283336058614e-01,0.000000000000000000e+00
3.663582736204231693e-01,9.563389489237644758e-01,0.000000000000000000e+00
5.716642499504354102e-02,7.238509146164409103e-01,0.000000000000000000e+00
6.126947260273138962e-01,3.121823735988601412e-01,1.000000000000000000e+00
5.492523833948047551e-01,6.763437869750840159e-01,1.000000000000000000e+00
9.992794004902416649e-02,1.159199897010696478e-01,0.000000000000000000e+00
9.223936276161267545e-01,6.053944540300633115e-01,0.000000000000000000e+00
4.585231803379291593e-01,6.839462477250619621e-01,1.000000000000000000e+00
6.644355411976693437e-01,3.876047316097797069e-02,0.000000000000000000e+00
6.793243675602510523e-01,1.309625523339250641e-01,0.000000000000000000e+00
3.454878316215256318e-01,4.539562420560309119e-01,1.000000000000000000e+00
6.010871495594223290e-01,7.791183735828721701e-02,0.000000000000000000e+00
9.587441905613819371e-01,3.762617521847146929e-01,0.000000000000000000e+00
6.144887898502360279e-02,8.516512941732203856e-01,0.000000000000000000e+00
4.692536483694154104e-02,5.590159187239711613e-01,0.000000000000000000e+00
9.135626403754958380e-01,9.765871404223884777e-01,0.000000000000000000e+00
8.042723338696758928e-01,1.080213983775912823e-02,0.000000000000000000e+00
7.297320115615097968e-01,6.702264913053479489e-03,0.000000000000000000e+00
4.386921287025021821e-01,2.030583154915771571e-01,1.000000000000000000e+00
1.985243269110038566e-01,7.947995312489329889e-01,0.000000000000000000e+00
8.416511056660576084e-01,4.703550430758409728e-01,0.000000000000000000e+00
9.806755414537373650e-01,1.801853514813859247e-01,0.000000000000000000e+00
9.595398316766172719e-01,9.254953961644080129e-01,0.000000000000000000e+00
3.021628979544003224e-01,1.027840391432029987e-01,0.000000000000000000e+00
4.348315212297226839e-02,2.390311908973080657e-01,0.000000000000000000e+00
3.095349602758274976e-01,1.556915076594463931e-01,0.000000000000000000e+00
9.468554579885202216e-01,1.216457815110748575e-01,0.000000000000000000e+00
7.873042021051245287e-01,8.949381322971796671e-01,0.000000000000000000e+00
3.082324574114102544e-01,4.418435259744394328e-01,1.000000000000000000e+00
4.623530547298156934e-01,4.408179617380114657e-01,1.000000000000000000e+00
2.845891769027449891e-01,7.619491959031188255e-02,0.000000000000000000e+00
9.322982214453160443e-01,1.291442516230606463e-01,0.000000000000000000e+00
2.420401684380015794e-01,1.818248785565294012e-01,0.000000000000000000e+00
4.218053793906468840e-01,1.864348021679635981e-01,0.000000000000000000e+00
5.456636814926636436e-01,1.013349097477647121e-01,0.000000000000000000e+00
9.321785934715736133e-01,4.695749286647218357e-01,0.000000000000000000e+00
6.320163080587350990e-01,5.940077127279549396e-01,1.000000000000000000e+00
3.710972267943486447e-01,9.053289813184347556e-01,0.000000000000000000e+00
5.416928587820736274e-01,4.439810143395699349e-01,1.000000000000000000e+00
6.570387278963896183e-02,3.614225547737481836e-01,0.000000000000000000e+00
9.835510764138758466e-01,6.530529271126631619e-01,0.000000000000000000e+00
2.380378010573001024e-01,5.254097213419967050e-01,1.000000000000000000e+00
4.216819303208552139e-01,8.126623955014493639e-01,0.000000000000000000e+00
3.767867793200544435e-01,6.355656145801554802e-01,1.000000000000000000e+00
2.478934289677342528e-01,3.990236005053173773e-01,1.000000000000000000e+00
2.717363410787878575e-01,7.377536627709071482e-01,0.000000000000000000e+00
7.958502343541317137e-01,2.391210482031759232e-01,0.000000000000000000e+00
7.030206043991268361e-01,4.094533065486360979e-01,1.000000000000000000e+00
1.933604792317148435e-01,1.445740768766669015e-01,0.000000000000000000e+00
6.156954686460350823e-01,1.832571051192505296e-01,0.000000000000000000e+00
2.096202855996454062e-02,7.324135067859959269e-01,0.000000000000000000e+00
6.737206149213508244e-01,8.556550799065431034e-01,0.000000000000000000e+00
1.358058105871698951e-01,2.166820579803087066e-01,0.000000000000000000e+00
7.754570992307722177e-01,2.385754210132254860e-01,0.000000000000000000e+00
1.058043937895715159e-01,7.615047970919255338e-01,0.000000000000000000e+00
8.855962416447050733e-01,4.783250205976778968e-01,0.000000000000000000e+00
2.590376582271920469e-01,8.199975570451236706e-01,0.000000000000000000e+00
5.830306093151887969e-01,6.176241742752250907e-01,1.000000000000000000e+00
9.158624763798868251e-01,6.917132133409376049e-01,0.000000000000000000e+00
1.413695722816701306e-01,3.952497498106481988e-01,0.000000000000000000e+00
7.014857934694733732e-01,2.995538768219007109e-01,1.000000000000000000e+00
5.309552808630008114e-01,2.727760486839049259e-01,1.000000000000000000e+00
6.380845082943892299e-01,1.100147989399525850e-01,0.000000000000000000e+00
7.124501687796762628e-01,6.934520294542946273e-01,1.000000000000000000e+00
3.867969460012752325e-01,4.442333176296598962e-01,1.000000000000000000e+00
4.419167873973430805e-01,8.756347476937307306e-01,0.000000000000000000e+00
5.565257460818462398e-02,8.295468773784483441e-01,0.000000000000000000e+00
4.493528870120454544e-01,8.266355425967786275e-02,0.000000000000000000e+00
8.032854701405605091e-01,3.125906668901748953e-01,0.000000000000000000e+00
5.242609209228120681e-01,2.988196953659431054e-01,1.000000000000000000e+00
7.145203345961355090e-01,8.268469734407397631e-01,0.000000000000000000e+00
2.984506580780228457e-01,1.560288701752424734e-01,0.000000000000000000e+00
4.094497216849843912e-01,7.153062404056521606e-01,1.000000000000000000e+00
8.402272762941096484e-01,5.082940822076769116e-01,0.000000000000000000e+00
1.953447951232025748e-01,4.041994025205009056e-01,0.000000000000000000e+00
3.330906357336358425e-01,7.423866373630062521e-01,1.000000000000000000e+00
9.956458106842320799e-01,3.166699885146888604e-01,0.000000000000000000e+00
2.511019639888003585e-01,2.872881517799754647e-01,0.000000000000000000e+00
2.362384203680796269e-01,1.538325478407730484e-01,0.000000000000000000e+00
5.442765420000369447e-01,2.932245093351690812e-01,1.000000000000000000e+00
5.580872677962311901e-02,6.349756510833668433e-01,0.000000000000000000e+00
8.956452621467375641e-01,9.579176542391100169e-01,0.000000000000000000e+00
2.501111016700349188e-01,1.985516832379063956e-01,0.000000000000000000e+00
9.740695738604392417e-01,9.430746316624061265e-02,0.000000000000000000e+00
1.060198314787988982e-01,7.028476199248548939e-01,0.000000000000000000e+00
6.478722544192828670e-01,5.288321700448477269e-01,1.000000000000000000e+00
8.991475038192990876e-01,1.797956488784432372e-01,0.000000000000000000e+00
6.139861774700912100e-01,3.506563213782835087e-01,1.000000000000000000e+00
8.180847246074547385e-01,7.358615251614336605e-01,0.000000000000000000e+00
4.840355177253030661e-01,5.162517866747128314e-01,1.000000000000000000e+00
1.244908443895543781e-01,9.003596592313396485e-01,0.000000000000000000e+00
4.301231046301645655e-01,4.515411337132326786e-01,1.000000000000000000e+00
9.927071606209848520e-01,8.881544090356507937e-02,0.000000000000000000e+00
9.582855480947793936e-01,7.909926221470436891e-01,0.000000000000000000e+00
5.976353338849311747e-01,4.002642908445249725e-01,1.000000000000000000e+00
5.653156411323996267e-01,4.267341079122305425e-01,1.000000000000000000e+00
8.602902275362230844e-01,8.730002160243034437e-01,0.000000000000000000e+00
3.033311140048627896e-01,2.717684496148786710e-01,1.000000000000000000e+00
8.763677804175967756e-01,1.580463393362723235e-01,0.000000000000000000e+00
1.952151243477707743e-01,8.603134428976033643e-02,0.000000000000000000e+00
6.612297194685675672e-01,2.499820972374872108e-01,1.000000000000000000e+00
7.795003260855326577e-01,4.878755262382208358e-01,1.000000000000000000e+00
1.593297108152018637e-01,1.215642827872875920e-01,0.000000000000000000e+00
2.343421386599762180e-01,7.397993509730049766e-01,0.000000000000000000e+00
8.682530507520042073e-01,2.728704336917907591e-01,0.000000000000000000e+00
2.557871750521096832e-01,4.651065437777178735e-01,1.000000000000000000e+00
1.734179188992823750e-02,4.373581481967672158e-01,0.000000000000000000e+00
5.434823488434484817e-01,6.645363671109644210e-01,1.000000000000000000e+00
5.290200745199186150e-01,7.024934630063024432e-01,1.000000000000000000e+00
5.922770615194025146e-01,2.200296582682136348e-01,1.000000000000000000e+00
9.247826633063905843e-01,6.620959252336078293e-02,0.000000000000000000e+00
7.562831144638449965e-01,3.955817884590737687e-01,1.000000000000000000e+00
5.404446120359734929e-01,2.541368147397621291e-01,1.000000000000000000e+00
6.337111306391723931e-01,4.540582946290580013e-01,1.000000000000000000e+00
8.068870126223428585e-01,3.485915746404207871e-01,0.000000000000000000e+00
5.609088028506947765e-02,9.889627858634383317e-01,0.000000000000000000e+00
9.459613385347547254e-01,1.058312403453343098e-01,0.000000000000000000e+00
6.565009702078117293e-01,3.724364573196221606e-01,1.000000000000000000e+00
3.621911277733846912e-02,6.492175596094817980e-02,0.000000000000000000e+00
7.228546832539293199e-01,5.577272667516204319e-01,1.000000000000000000e+00
2.186570533609855094e-01,2.940580619004281582e-01,0.000000000000000000e+00
7.763960955017241705e-01,7.774043790426058420e-01,0.000000000000000000e+00
1.977144718430872139e-01,6.483718106332382325e-01,0.000000000000000000e+00
8.960492801925438178e-01,4.815344447017591012e-01,0.000000000000000000e+00
1.014290969396018927e-01,9.911644734502335075e-01,0.000000000000000000e+00
8.109509711030665757e-01,7.101487313490366660e-01,0.000000000000000000e+00
4.745217386885740574e-01,5.020683932864298260e-01,1.000000000000000000e+00
9.036274901856038433e-01,1.360337987110757929e-01,0.000000000000000000e+00
6.295867551268348183e-01,1.629731622473832298e-01,0.000000000000000000e+00
2.214106400941513453e-01,6.670273750707361726e-01,0.000000000000000000e+00
4.235974595173352952e-02,1.051708911309039429e-01,0.000000000000000000e+00
6.584091865915155939e-01,2.686501694308467414e-01,1.000000000000000000e+00
5.282973251668510173e-02,6.571035221614176525e-01,0.000000000000000000e+00
2.660665708474454494e-01,5.838700232722570105e-01,1.000000000000000000e+00
1.590412082753976941e-01,4.141690790503405051e-01,0.000000000000000000e+00
9.914227631875082158e-01,4.835317979471785987e-01,0.000000000000000000e+00
9.083178945236859425e-01,7.634286777804155655e-02,0.000000000000000000e+00
2.872367264001929321e-01,6.396741104618677287e-01,1.000000000000000000e+00
7.756294600246662618e-01,8.284864964806772925e-01,0.000000000000000000e+00
8.043237702914133314e-01,7.112335740693614961e-01,0.000000000000000000e+00
6.504545196294474474e-01,7.227028940367082877e-01,1.000000000000000000e+00
4.540178766302036539e-01,5.687879662570994865e-01,1.000000000000000000e+00
8.631992680143368846e-01,5.901256491217583555e-01,0.000000000000000000e+00
7.766302598996976947e-01,8.316979554185546242e-01,0.000000000000000000e+00
3.066563239442343658e-01,8.684389038482318579e-01,0.000000000000000000e+00
4.775609650714738308e-01,7.749247531044539672e-01,1.000000000000000000e+00
4.205957952094624419e-01,2.057397580791376912e-01,1.000000000000000000e+00
2.816915408798886800e-01,6.288605018300887917e-01,1.000000000000000000e+00
8.368204800603950000e-01,8.570237666373657914e-01,0.000000000000000000e+00
1.197782583055658767e-01,2.895132984353688821e-01,0.000000000000000000e+00
9.666936162995746207e-01,1.227053720790933777e-01,0.000000000000000000e+00
2.737129116683388874e-01,5.927677267281047380e-01,1.000000000000000000e+00
2.577179122055522908e-01,8.008266543919017044e-01,0.000000000000000000e+00
4.451245082242244466e-01,9.812141991614498071e-02,0.000000000000000000e+00
2.784802733500449934e-01,7.143214142278822010e-01,1.000000000000000000e+00
2.918607095050556044e-01,9.774393599450719172e-01,0.000000000000000000e+00
9.774698135278853117e-01,4.403745018017434232e-01,0.000000000000000000e+00
5.888255329838243401e-02,4.313320779123335225e-01,0.000000000000000000e+00
1.994149570351276823e-01,5.818727538643724273e-01,1.000000000000000000e+00
7.443232480063676215e-01,6.337049393910226813e-01,1.000000000000000000e+00
4.506593865039524305e-01,6.722822473762203321e-01,1.000000000000000000e+00
7.547786481246625545e-01,3.808818440217717205e-01,1.000000000000000000e+00
8.332837290904900884e-01,4.641328231115069425e-01,0.000000000000000000e+00
6.934460151561661068e-02,2.853486771151717560e-01,0.000000000000000000e+00
6.705725302671007304e-01,4.207803150690695437e-01,1.000000000000000000e+00
2.084170980273086782e-01,9.752601231783366575e-01,0.000000000000000000e+00
5.887439912191664293e-01,7.571904061607366287e-01,1.000000000000000000e+00
6.315855925523389258e-01,8.090144088104345155e-02,0.000000000000000000e+00
7.157616964900431755e-01,7.147361703142784961e-01,1.000000000000000000e+00
2.506757327927005008e-01,4.922472521836472881e-01,1.000000000000000000e+00
4.254420648024198615e-01,5.030204923140245699e-01,1.000000000000000000e+00
9.040058934914055877e-01,1.774407042374495092e-01,0.000000000000000000e+00
2.983383634824143815e-02,2.323671213266744751e-01,0.000000000000000000e+00
3.009151023539493597e-01,3.574026719357200621e-01,1.000000000000000000e+00
8.921920402978892328e-01,5.900740726112289058e-01,0.000000000000000000e+00
9.565568238092762021e-01,9.176883065511519666e-01,0.000000000000000000e+00
3.823194744663065414e-01,6.800415088502944627e-01,1.000000000000000000e+00
8.294615624267043241e-02,1.566338673715356178e-01,0.000000000000000000e+00
5.264099168426158437e-01,1.753085129778042539e-01,0.000000000000000000e+00
6.636965709355115983e-01,1.241011585867717315e-01,0.000000000000000000e+00
5.911164470156805573e-01,9.039867298323275291e-01,0.000000000000000000e+00
1.224952517673498775e-01,8.744276752549445808e-01,0.000000000000000000e+00
2.429455138925774582e-01,7.428016944737886318e-01,0.000000000000000000e+00
2.691152843217213819e-01,1.227333266830443748e-03,0.000000000000000000e+00
4.480185442242560212e-01,8.936000180757996958e-02,0.000000000000000000e+00
4.224497980319573687e-01,9.647007730110934709e-01,0.000000000000000000e+00
2.586431883808919530e-01,1.637129469528213477e-01,0.000000000000000000e+00
3.214109751085927336e-01,4.637742062346416061e-01,1.000000000000000000e+00
2.918969007562732809e-02,4.975490895018533921e-01,0.000000000000000000e+00
4.104515200496827720e-01,6.633876842297036225e-01,1.000000000000000000e+00
9.467414273239146416e-01,8.010743201049015383e-01,0.000000000000000000e+00
2.734107409767336794e-01,6.172280821400056849e-01,1.000000000000000000e+00
